Player,Pass Yds,Yds/Att,Att,Cmp,Cmp %,TD,INT,Rate,1st,1st%,20+,40+,Lng,Sck,SckY,Year,pro_bowl
Drew Bledsoe,4555,6.6,691,400,57.9,25,27,73.6,242,35.0,52,3,62,22,139,1994,1
Dan Marino,4453,7.2,615,385,62.6,30,17,89.2,214,34.8,55,7,64,18,113,1994,1
Warren Moon,4264,7.1,601,371,61.7,18,19,79.9,201,33.4,54,8,65,29,235,1994,1
Brett Favre,3882,6.7,582,363,62.4,33,14,90.7,200,34.4,44,4,49,31,188,1994,0
Jim Everett,3855,7.1,540,346,64.1,22,18,84.9,193,35.7,39,5,78,21,164,1994,0
Jeff George,3734,7.1,524,322,61.4,23,18,83.3,184,35.1,42,7,85,32,206,1994,0
John Elway,3490,7.1,494,307,62.2,16,10,85.7,162,32.8,41,11,63,46,303,1994,1
Joe Montana,3283,6.7,493,299,60.6,16,9,83.6,172,34.9,40,5,57,19,132,1994,0
Randall Cunningham,3229,6.6,490,265,54.1,16,13,74.4,146,29.8,39,9,93,43,333,1994,0
Steve Young,3969,8.6,461,324,70.3,35,10,112.8,188,40.8,48,8,69,31,163,1994,1
Jeff Hostetler,3334,7.3,455,263,57.8,20,16,80.8,149,32.8,42,8,77,41,232,1994,1
Stan Humphries,3209,7.1,453,264,58.3,17,12,81.6,160,35.3,42,9,99,25,223,1994,0
Jim Kelly,3114,7.0,448,285,63.6,22,17,84.6,152,33.9,27,3,83,34,244,1994,0
Boomer Esiason,2782,6.3,440,255,58.0,17,13,77.3,136,30.9,31,3,69,19,134,1994,0
Craig Erickson,2919,7.3,399,225,56.4,16,10,82.5,127,31.8,33,12,71,22,129,1994,0
Rick Mirer,2151,5.6,381,195,51.2,11,7,70.2,108,28.4,27,4,51,27,145,1994,0
Vinny Testaverde,2575,6.8,376,207,55.0,16,18,70.7,125,33.2,33,7,81,12,83,1994,0
Neil O'Donnell,2443,6.6,370,212,57.3,13,9,78.9,114,30.8,26,7,60,35,250,1994,0
Troy Aikman,2676,7.4,361,233,64.5,13,12,84.9,133,36.8,27,6,90,14,59,1994,1
Dave Brown,2536,7.2,350,201,57.4,12,16,72.5,121,34.6,36,8,53,42,248,1994,0
Steve Walsh,2078,6.1,343,208,60.6,10,8,77.9,113,32.9,21,3,50,11,52,1994,0
Chris Miller,2104,6.6,317,173,54.6,16,14,73.6,99,31.2,26,4,54,28,193,1994,0
Jeff Blake,2154,7.0,306,156,51.0,14,9,76.9,96,31.4,28,9,76,19,120,1994,0
Heath Shuler,1658,6.3,265,120,45.3,10,12,59.6,73,27.6,30,5,81,12,83,1994,0
Steve Beuerlein,1545,6.1,255,130,51.0,5,9,61.6,82,32.2,13,3,63,20,129,1994,0
Drew Bledsoe,3507,5.5,636,323,50.8,13,16,63.7,192,30.2,34,2,47,23,170,1995,0
Warren Moon,4228,7.0,606,377,62.2,33,14,91.5,213,35.2,49,12,85,38,277,1995,1
Scott Mitchell,4338,7.4,583,346,59.4,32,12,92.3,221,37.9,56,10,91,31,145,1995,0
Brett Favre,4413,7.7,570,359,63.0,38,13,99.6,227,39.8,59,5,99,33,217,1995,1
Jeff Blake,3822,6.7,567,326,57.5,28,17,82.0,178,31.4,40,10,88,24,152,1995,1
Jim Everett,3970,7.0,567,345,60.8,26,14,87.0,201,35.4,52,7,70,27,210,1995,0
Jeff George,4143,7.4,557,336,60.3,24,11,89.5,201,36.1,58,11,62,43,270,1995,0
John Elway,3970,7.3,542,316,58.3,26,14,86.4,190,35.1,52,10,62,22,180,1995,0
Erik Kramer,3838,7.4,522,315,60.3,29,10,93.5,201,38.5,42,13,76,15,95,1995,0
Dave Krieg,3554,6.8,521,304,58.4,16,21,72.6,168,32.2,52,4,48,53,380,1995,0
Steve Bono,3121,6.0,520,293,56.4,21,10,79.5,161,31.0,31,5,60,21,158,1995,1
Dan Marino,3668,7.6,482,309,64.1,24,15,90.8,189,39.2,40,7,67,22,153,1995,1
Stan Humphries,3381,7.1,478,282,59.0,17,14,80.4,170,35.6,35,4,51,23,197,1995,0
Jim Kelly,3130,6.8,458,255,55.7,22,13,81.1,129,28.2,39,11,77,26,181,1995,0
Dave Brown,2814,6.2,456,254,55.7,11,10,73.1,147,32.2,31,5,57,44,206,1995,0
Steve Young,3200,7.2,447,299,66.9,20,11,92.3,159,35.6,36,7,57,25,115,1995,1
Kerry Collins,2717,6.3,433,214,49.4,14,19,61.9,130,30.0,35,8,89,24,150,1995,0
Troy Aikman,3304,7.6,432,280,64.8,16,7,93.6,173,40.0,39,8,50,14,89,1995,1
Neil O'Donnell,2970,7.1,416,246,59.1,17,7,87.7,137,32.9,44,4,71,15,126,1995,0
Trent Dilfer,2774,6.7,415,224,54.0,4,18,60.1,133,32.0,38,4,64,47,331,1995,0
Chris Miller,2623,6.5,405,232,57.3,18,15,76.2,129,31.8,32,4,72,31,244,1995,0
Gus Frerotte,2751,7.0,396,199,50.2,13,13,70.2,129,32.6,41,9,73,23,192,1995,0
Vinny Testaverde,2883,7.4,392,241,61.5,17,10,87.8,146,37.2,42,4,70,17,87,1995,0
Rick Mirer,2564,6.6,391,209,53.4,13,20,63.7,127,32.5,35,7,59,42,255,1995,0
Boomer Esiason,2275,5.8,389,221,56.8,16,15,71.4,118,30.3,26,3,43,27,198,1995,0
Drew Bledsoe,4086,6.6,623,373,59.9,27,15,83.7,206,33.1,45,3,84,30,190,1996,1
Mark Brunell,4367,7.8,557,353,63.4,19,20,84.0,208,37.3,40,13,62,50,257,1996,1
Jeff Blake,3624,6.6,549,308,56.1,24,14,80.3,184,33.5,35,11,61,44,278,1996,0
Vinny Testaverde,4177,7.6,549,325,59.2,33,19,88.7,200,36.4,59,10,86,34,270,1996,1
Brett Favre,3899,7.2,543,325,59.8,39,13,95.8,194,35.7,49,11,80,40,241,1996,1
Bobby Hebert,3152,6.5,488,294,60.2,22,25,72.9,168,34.4,35,7,57,27,150,1996,0
Trent Dilfer,2859,5.9,482,267,55.4,12,19,64.8,150,31.1,32,2,45,28,207,1996,0
Gus Frerotte,3453,7.4,470,270,57.4,12,11,79.3,174,37.0,50,6,52,22,134,1996,1
John Elway,3328,7.1,466,287,61.6,26,14,89.2,165,35.4,44,5,51,26,194,1996,1
Troy Aikman,3126,6.7,465,296,63.7,12,13,80.1,158,34.0,31,5,61,18,120,1996,1
Jim Everett,2797,6.0,464,267,57.5,12,16,69.4,124,26.7,33,5,51,19,154,1996,0
Steve Bono,2572,5.9,438,235,53.6,12,13,68.0,135,30.8,34,4,69,22,161,1996,0
Scott Mitchell,2917,6.7,437,253,57.9,17,17,74.9,151,34.6,36,3,62,36,199,1996,0
Stan Humphries,2670,6.4,416,232,55.8,18,13,76.7,129,31.0,30,6,63,20,187,1996,0
Jim Harbaugh,2630,6.5,405,232,57.3,13,11,76.3,129,31.8,32,6,51,36,190,1996,0
Jeff Hostetler,2548,6.3,402,242,60.2,23,14,83.2,131,32.6,26,5,62,32,181,1996,0
Ty Detmer,2911,7.3,401,238,59.4,15,13,80.8,144,35.9,38,2,42,27,171,1996,0
Mike Tomczak,2767,6.9,401,222,55.4,15,17,71.8,136,33.9,36,7,70,16,105,1996,0
Dave Brown,2412,6.1,398,214,53.8,12,20,61.2,132,33.2,21,0,37,49,276,1996,0
Jim Kelly,2810,7.4,379,222,58.6,14,19,73.2,122,32.2,37,7,67,37,287,1996,0
Dave Krieg,2278,6.0,377,226,60.0,14,12,76.3,127,33.7,22,2,53,14,104,1996,0
Dan Marino,2795,7.5,373,221,59.2,17,9,87.8,128,34.3,39,10,74,18,131,1996,0
Tony Banks,2544,6.9,368,192,52.2,15,15,71.0,109,29.6,35,9,77,48,306,1996,0
Kerry Collins,2454,6.7,364,204,56.0,14,9,79.4,116,31.9,29,4,55,18,114,1996,1
Boomer Esiason,2293,6.8,339,190,56.0,11,14,70.6,120,35.4,26,3,64,17,109,1996,0
Dan Marino,3780,6.9,548,319,58.2,16,11,80.7,190,34.7,49,4,55,20,132,1997,0
Warren Moon,3678,7.0,528,313,59.3,25,16,83.7,179,33.9,52,9,60,30,192,1997,1
Drew Bledsoe,3706,7.1,522,314,60.2,28,15,87.7,168,32.2,47,12,76,30,258,1997,1
Jeff George,3917,7.5,521,290,55.7,29,9,91.2,167,32.0,59,10,76,58,430,1997,0
Troy Aikman,3283,6.3,518,292,56.4,19,12,78.0,163,31.5,34,7,64,33,269,1997,0
Brett Favre,3867,7.5,513,304,59.3,35,16,92.6,190,37.0,61,9,74,25,176,1997,1
Scott Mitchell,3484,6.8,509,293,57.6,19,14,79.6,160,31.4,43,8,79,41,271,1997,0
John Elway,3635,7.2,502,280,55.8,27,11,87.5,169,33.7,52,10,78,34,203,1997,1
Tony Banks,3254,6.7,487,252,51.8,14,13,71.5,153,31.4,42,11,76,43,317,1997,0
Erik Kramer,3011,6.3,477,275,57.6,14,14,74.0,158,33.1,26,6,78,25,149,1997,0
Vinny Testaverde,2971,6.3,470,271,57.7,18,15,75.9,139,29.6,32,6,54,20,129,1997,0
Neil O'Donnell,2796,6.1,460,259,56.3,17,7,80.3,133,28.9,32,2,70,45,289,1997,0
Brad Johnson,3036,6.7,452,275,60.8,20,12,84.5,150,33.2,36,7,56,26,164,1997,0
Kordell Stewart,3020,6.9,440,236,53.6,21,17,75.2,143,32.5,40,10,69,20,152,1997,0
Mark Brunell,3281,7.5,435,264,60.7,18,7,91.2,160,36.8,44,8,75,33,189,1997,1
Steve McNair,2665,6.4,415,216,52.0,14,13,70.4,134,32.3,36,5,55,31,190,1997,0
Gus Frerotte,2682,6.7,402,204,50.8,17,12,73.8,142,35.3,37,5,52,23,146,1997,0
Todd Collins,2367,6.0,391,215,55.0,12,13,69.5,107,27.4,27,9,77,39,278,1997,0
Trent Dilfer,2555,6.6,386,217,56.2,21,11,82.8,132,34.2,31,6,59,32,196,1997,1
Kerry Collins,2124,5.6,381,200,52.5,11,21,55.7,118,31.0,23,1,59,27,200,1997,0
Steve Young,3029,8.5,356,241,67.7,19,6,104.7,147,41.3,43,4,82,35,220,1997,1
Chris Chandler,2692,7.9,342,202,59.1,20,7,95.1,128,37.4,34,8,56,39,261,1997,1
Jeff Blake,2125,6.7,317,184,58.0,8,7,77.6,96,30.3,25,3,50,39,244,1997,0
Elvis Grbac,1943,6.2,314,179,57.0,11,6,79.1,102,32.5,26,2,55,19,150,1997,0
Jim Harbaugh,2060,6.7,309,189,61.2,10,4,86.2,100,32.4,19,4,58,41,256,1997,0
Peyton Manning,3739,6.5,575,326,56.7,26,28,71.2,190,33.0,42,8,78,22,109,1998,0
Brett Favre,4212,7.6,551,347,63.0,31,23,87.8,203,36.8,47,9,84,38,223,1998,0
Jake Plummer,3737,6.8,547,324,59.2,17,20,75.0,177,32.4,48,6,57,49,280,1998,0
Dan Marino,3497,6.5,537,310,57.7,23,15,80.0,173,32.2,45,6,61,23,178,1998,0
Steve Young,4170,8.1,517,322,62.3,36,12,101.1,206,39.8,55,13,81,48,234,1998,1
Trent Green,3441,6.8,509,278,54.6,23,11,81.8,172,33.8,40,7,75,49,338,1998,0
Steve McNair,3228,6.6,492,289,58.7,15,10,80.1,160,32.5,41,3,47,33,176,1998,0
Drew Bledsoe,3633,7.6,481,263,54.7,20,14,80.8,166,34.5,50,15,86,36,295,1998,0
Kordell Stewart,2560,5.6,458,252,55.0,11,18,62.8,125,27.3,25,4,55,33,211,1998,0
Trent Dilfer,2729,6.4,429,225,52.4,21,15,74.0,136,31.7,29,10,79,27,172,1998,0
Randall Cunningham,3704,8.7,425,259,60.9,34,10,106.0,165,38.8,55,19,67,20,132,1998,1
Vinny Testaverde,3256,7.7,421,259,61.5,29,7,101.6,170,40.4,42,6,82,19,140,1998,1
Tony Banks,2535,6.2,408,241,59.1,7,14,68.6,119,29.2,25,4,80,41,237,1998,0
John Elway,2806,7.9,356,210,59.0,22,10,93.0,139,39.0,34,6,58,18,135,1998,1
Mark Brunell,2601,7.4,354,208,58.8,20,9,89.9,125,35.3,35,8,78,28,172,1998,0
Doug Flutie,2711,7.7,354,202,57.1,20,11,87.4,136,38.4,36,8,84,12,78,1998,1
Rich Gannon,2305,6.5,354,206,58.2,10,6,80.1,104,29.4,23,4,80,25,155,1998,0
Kerry Collins,2213,6.3,353,170,48.2,12,15,62.0,104,29.5,26,6,89,31,191,1998,0
Steve Beuerlein,2613,7.6,343,216,63.0,17,12,88.2,124,36.2,31,7,68,44,251,1998,0
Neil O'Donnell,2216,6.5,343,212,61.8,15,4,90.2,94,27.4,24,8,76,30,217,1998,0
Chris Chandler,3154,9.6,327,190,58.1,25,12,100.9,144,44.0,51,11,78,45,283,1998,1
Craig Whelihan,1803,5.6,320,149,46.6,8,19,48.0,81,25.3,21,4,55,15,111,1998,0
Troy Aikman,2330,7.4,315,187,59.4,12,5,88.5,109,34.6,28,8,67,9,58,1998,0
Charlie Batch,2178,7.2,303,173,57.1,11,6,83.5,98,32.3,31,5,98,37,222,1998,0
Danny Kanell,1603,5.4,299,160,53.5,11,10,67.3,72,24.1,20,2,46,22,172,1998,0
Brett Favre,4091,6.9,595,341,57.3,22,23,74.7,194,32.6,52,11,74,35,223,1999,0
Steve Beuerlein,4436,7.8,571,343,60.1,36,15,94.6,208,36.4,61,9,88,50,280,1999,1
Drew Bledsoe,3985,7.4,539,305,56.6,19,21,75.6,184,34.1,50,13,68,55,342,1999,0
Peyton Manning,4135,7.8,533,331,62.1,26,15,90.7,198,37.2,56,11,80,14,116,1999,1
Brad Johnson,4005,7.7,519,316,60.9,24,13,90.0,177,34.1,62,14,65,29,177,1999,1
Rich Gannon,3840,7.5,515,304,59.0,24,14,86.6,195,37.9,52,7,50,49,241,1999,1
Elvis Grbac,3389,6.8,499,294,58.9,22,15,81.6,163,32.7,35,6,86,26,170,1999,0
Kurt Warner,4353,8.7,499,325,65.1,41,13,109.2,196,39.3,60,16,75,29,201,1999,1
Jon Kitna,3346,6.8,495,270,54.6,23,16,77.7,166,33.5,45,5,51,32,198,1999,0
Doug Flutie,3171,6.6,478,264,55.2,19,16,75.0,156,32.6,40,7,54,26,176,1999,0
Brian Griese,3032,6.7,452,261,57.7,14,14,75.6,138,30.5,37,6,88,27,176,1999,0
Troy Aikman,2964,6.7,442,263,59.5,17,12,81.1,126,28.5,36,7,90,19,130,1999,0
Mark Brunell,3060,6.9,441,259,58.7,14,9,82.0,154,34.9,39,8,62,29,174,1999,1
Jim Harbaugh,2761,6.4,434,249,57.4,10,14,70.6,130,30.0,34,10,80,37,208,1999,0
Tim Couch,2447,6.1,399,223,55.9,15,13,73.2,107,26.8,28,6,78,56,359,1999,0
Jeff Blake,2670,6.9,389,215,55.3,16,12,77.6,124,31.9,27,7,76,30,168,1999,0
Jake Plummer,2111,5.5,381,201,52.8,9,24,50.8,110,28.9,21,4,63,27,152,1999,0
Jeff Garcia,2544,6.8,375,225,60.0,11,11,77.9,133,35.5,28,7,62,15,104,1999,0
Dan Marino,2448,6.6,369,204,55.3,12,17,67.4,120,32.5,37,5,62,9,66,1999,0
Kerry Collins,2318,7.0,331,190,57.4,8,11,73.3,116,35.0,25,4,80,16,112,1999,0
Steve McNair,2179,6.6,331,187,56.5,12,8,78.6,101,30.5,26,6,65,16,74,1999,0
Jeff George,2816,8.6,329,191,58.0,23,12,94.2,120,36.5,44,9,80,28,228,1999,0
Tony Banks,2136,6.7,320,169,52.8,17,8,81.2,93,29.1,28,9,76,33,190,1999,0
Chris Chandler,2339,7.6,307,174,56.7,16,11,83.5,113,36.8,36,6,60,32,230,1999,0
Gus Frerotte,2117,7.4,288,175,60.8,9,7,83.6,90,31.2,26,7,77,28,202,1999,0
Vinny Testaverde,3732,6.3,590,328,55.6,21,25,69.0,179,30.3,47,7,63,13,71,2000,0
Brett Favre,3812,6.6,580,338,58.3,20,16,78.0,193,33.3,41,7,67,33,236,2000,0
Peyton Manning,4413,7.7,571,357,62.5,33,15,94.7,213,37.3,51,8,78,20,131,2000,1
Donovan McNabb,3365,5.9,569,330,58.0,21,13,77.8,181,31.8,45,5,70,45,262,2000,1
Jeff Garcia,4278,7.6,561,355,63.3,31,10,97.6,205,36.5,59,9,69,24,155,2000,1
Elvis Grbac,4169,7.6,547,326,59.6,28,14,89.9,197,36.0,55,7,81,29,213,2000,1
Steve Beuerlein,3730,7.0,533,324,60.8,19,18,79.7,195,36.6,47,2,54,62,331,2000,0
Drew Bledsoe,3291,6.2,531,312,58.8,17,13,77.3,164,30.9,33,4,59,45,264,2000,0
Kerry Collins,3610,6.8,529,311,58.8,22,13,83.1,195,36.9,46,7,59,28,243,2000,0
Mark Brunell,3640,7.1,512,311,60.7,20,14,84.0,177,34.6,39,9,67,54,289,2000,0
Jake Plummer,2946,6.2,475,270,56.8,13,21,66.0,132,27.8,35,10,70,22,151,2000,0
Daunte Culpepper,3937,8.3,474,297,62.7,33,16,98.0,190,40.1,56,13,78,34,181,2000,1
Rich Gannon,3430,7.2,473,284,60.0,28,11,92.4,177,37.4,42,8,84,28,124,2000,1
Shaun King,2769,6.5,428,233,54.4,18,13,75.8,142,33.2,37,5,75,37,240,2000,0
Jon Kitna,2658,6.4,418,259,62.0,18,19,75.6,141,33.7,21,4,71,33,166,2000,0
Charlie Batch,2489,6.0,412,221,53.6,13,15,67.3,117,28.4,32,3,59,41,242,2000,0
Steve McNair,2847,7.2,396,248,62.6,15,13,83.2,141,35.6,31,5,56,24,141,2000,1
Brad Johnson,2505,6.9,365,228,62.5,11,15,75.7,120,32.9,23,7,77,20,150,2000,0
Jay Fiedler,2402,6.7,357,204,57.1,14,14,74.5,107,30.0,30,8,61,23,129,2000,0
Kurt Warner,3429,9.9,347,235,67.7,21,18,98.2,153,44.1,49,14,85,20,115,2000,1
Brian Griese,2688,8.0,336,216,64.3,19,4,102.9,136,40.5,38,5,61,17,139,2000,1
Chris Chandler,2236,6.8,331,192,58.0,10,12,73.5,105,31.7,25,5,55,40,251,2000,0
Ryan Leaf,1883,5.8,322,161,50.0,11,18,56.2,81,25.2,23,5,83,31,155,2000,0
Rob Johnson,2125,6.9,306,175,57.2,12,7,82.2,101,33.0,27,4,74,49,292,2000,0
Jeff Blake,2025,6.7,302,184,60.9,13,9,82.7,102,33.8,21,4,49,24,150,2000,0
Jon Kitna,3216,5.5,581,313,53.9,12,22,61.2,171,29.4,32,2,49,25,185,2001,0
Kerry Collins,3764,6.6,568,327,57.6,19,16,77.1,189,33.3,52,7,76,36,206,2001,0
Brad Johnson,3406,6.1,559,340,60.8,13,11,77.7,179,32.0,34,1,47,44,269,2001,0
Aaron Brooks,3832,6.9,558,312,55.9,26,22,76.4,183,32.8,55,13,63,50,330,2001,0
Rich Gannon,3828,7.0,549,361,65.8,27,9,95.5,194,35.3,45,5,49,27,155,2001,1
Peyton Manning,4131,7.6,547,343,62.7,26,23,84.1,201,36.8,55,11,86,29,232,2001,0
Kurt Warner,4830,8.8,546,375,68.7,36,22,101.4,233,42.7,81,11,65,38,233,2001,1
Chris Weinke,2931,5.4,540,293,54.3,11,19,62.0,137,25.4,31,4,48,26,177,2001,0
Jake Plummer,3653,7.0,525,304,57.9,18,14,79.6,177,33.7,52,11,68,29,204,2001,0
Trent Green,3783,7.2,523,296,56.6,17,24,71.1,176,33.6,51,12,67,39,198,2001,0
Doug Flutie,3464,6.6,521,294,56.4,15,18,72.0,166,31.9,43,4,78,25,168,2001,0
Brett Favre,3921,7.7,510,314,61.6,32,15,94.1,187,36.7,53,13,67,22,151,2001,1
Jeff Garcia,3538,7.0,504,316,62.7,32,12,94.8,183,36.3,40,10,61,26,114,2001,1
Donovan McNabb,3233,6.6,493,285,57.8,25,12,84.3,136,27.6,44,9,64,39,273,2001,1
Mark Brunell,3309,7.0,473,289,61.1,19,13,84.1,164,34.7,37,2,44,57,387,2001,0
Elvis Grbac,3033,6.5,467,265,56.8,15,18,71.1,149,31.9,37,6,77,28,215,2001,0
Tim Couch,3040,6.7,454,272,59.9,17,21,73.1,134,29.5,39,7,78,51,353,2001,0
Brian Griese,2827,6.3,451,275,61.0,23,19,78.5,150,33.3,25,2,65,38,241,2001,0
Jay Fiedler,3290,7.3,450,273,60.7,20,19,80.3,152,33.8,41,7,74,27,178,2001,0
Kordell Stewart,3109,7.0,442,266,60.2,14,11,81.7,145,32.8,44,6,90,29,175,2001,1
Vinny Testaverde,2752,6.2,441,260,59.0,15,14,75.3,144,32.6,38,1,40,18,122,2001,0
Steve McNair,3350,7.8,431,264,61.2,21,12,90.2,159,36.9,51,10,71,37,251,2001,0
Tom Brady,2843,6.9,413,264,63.9,18,12,86.5,143,34.6,32,6,91,41,216,2001,1
Jim Miller,2299,5.8,395,228,57.7,13,10,74.9,106,26.8,27,7,66,11,72,2001,0
Tony Banks,2386,6.4,370,198,53.5,10,10,71.3,106,28.6,30,6,85,29,173,2001,0
Rich Gannon,4689,7.6,618,418,67.6,26,10,97.3,226,36.6,48,8,75,36,214,2002,1
Drew Bledsoe,4359,7.2,610,375,61.5,24,15,86.0,218,35.7,45,13,73,54,369,2002,1
Tom Brady,3764,6.3,601,373,62.1,28,14,85.7,184,30.6,37,3,49,31,190,2002,0
Peyton Manning,4200,7.1,591,392,66.3,27,19,88.8,213,36.0,51,11,69,23,145,2002,1
Brett Favre,3658,6.6,551,341,61.9,27,16,85.6,189,34.3,39,7,85,26,188,2002,1
Daunte Culpepper,3853,7.0,549,333,60.7,18,23,75.4,188,34.2,48,9,61,47,244,2002,0
Kerry Collins,4073,7.5,545,335,61.5,19,14,85.4,193,35.4,61,4,82,24,152,2002,0
Jake Plummer,2972,5.6,530,284,53.6,18,20,65.7,145,27.4,29,3,80,36,248,2002,0
Aaron Brooks,3572,6.8,528,283,53.6,27,15,80.2,165,31.2,47,12,64,36,236,2002,0
Jeff Garcia,3344,6.3,528,328,62.1,21,10,85.6,171,32.4,31,7,76,17,93,2002,1
Drew Brees,3284,6.2,526,320,60.8,17,16,76.9,163,31.0,40,4,52,24,180,2002,0
Steve McNair,3387,6.9,492,301,61.2,22,15,84.0,178,36.2,35,6,55,21,121,2002,0
Jon Kitna,3178,6.7,473,294,62.2,16,16,79.1,156,33.0,29,4,72,24,159,2002,0
Trent Green,3690,7.8,470,287,61.1,26,13,92.6,176,37.4,46,13,99,26,141,2002,0
Brad Johnson,3049,6.8,451,281,62.3,22,6,92.9,142,31.5,32,6,76,21,121,2002,1
David Carr,2592,5.8,444,233,52.5,9,15,62.8,117,26.4,31,5,81,76,411,2002,0
Tim Couch,2842,6.4,443,273,61.6,18,18,76.8,128,28.9,35,8,78,30,213,2002,0
Brian Griese,3214,7.4,436,291,66.7,15,15,85.6,156,35.8,30,7,82,34,237,2002,0
Joey Harrington,2294,5.4,429,215,50.1,12,16,59.9,110,25.6,28,6,64,8,75,2002,0
Mike Vick,2936,7.0,421,231,54.9,16,8,81.6,139,33.0,44,8,74,33,206,2002,0
Matt Hasselbeck,3075,7.3,419,267,63.7,15,10,87.8,157,37.5,36,4,49,26,143,2002,0
Mark Brunell,2788,6.7,416,245,58.9,17,7,85.7,140,33.6,28,6,79,34,210,2002,0
Chad Pennington,3120,7.8,399,275,68.9,22,6,104.2,167,41.8,40,3,47,22,135,2002,0
Rodney Peete,2630,6.9,381,223,58.5,15,14,77.4,114,29.9,45,6,69,31,192,2002,0
Tommy Maddox,2836,7.5,377,234,62.1,20,16,85.2,137,36.3,40,6,72,26,148,2002,0
Brad Johnson,3811,6.7,570,354,62.1,26,21,81.6,184,32.3,37,9,76,20,111,2003,0
Peyton Manning,4267,7.5,566,379,67.0,29,10,99.0,210,37.1,45,9,79,18,107,2003,1
Joey Harrington,2880,5.2,554,309,55.8,17,22,63.9,147,26.5,24,3,72,9,55,2003,0
Marc Bulger,3845,7.2,532,336,63.2,22,22,81.4,193,36.3,59,5,48,37,288,2003,1
Tom Brady,3620,6.9,527,317,60.2,23,12,85.9,175,33.2,44,8,82,32,219,2003,0
Trent Green,4039,7.7,523,330,63.1,24,12,92.6,198,37.9,54,8,67,20,130,2003,1
Jon Kitna,3591,6.9,520,324,62.3,26,15,87.4,181,34.8,37,11,82,37,249,2003,0
Tommy Maddox,3414,6.6,519,298,57.4,18,17,75.2,171,33.0,44,4,53,41,242,2003,0
Aaron Brooks,3546,6.8,518,306,59.1,24,8,88.8,172,33.2,36,7,76,34,195,2003,0
Matt Hasselbeck,3841,7.5,513,313,61.0,26,15,88.8,187,36.4,54,5,80,42,246,2003,1
Quincy Carter,3302,6.5,505,292,57.8,17,21,71.4,148,29.3,48,7,64,37,185,2003,0
Kerry Collins,3110,6.2,500,284,56.8,13,16,70.7,159,31.8,29,7,77,28,164,2003,0
Donovan McNabb,3216,6.7,478,275,57.5,16,11,79.6,152,31.8,44,9,59,43,253,2003,1
Drew Bledsoe,2860,6.1,471,274,58.2,11,12,73.0,142,30.2,28,2,54,49,371,2003,0
Brett Favre,3361,7.1,471,308,65.4,32,21,90.4,166,35.2,42,7,66,19,137,2003,1
Daunte Culpepper,3479,7.7,454,295,65.0,25,11,96.4,169,37.2,41,10,59,37,196,2003,1
Jake Delhomme,3219,7.2,449,266,59.2,19,16,80.6,146,32.5,46,9,67,23,168,2003,0
Byron Leftwich,2819,6.7,418,239,57.2,14,16,73.0,135,32.3,33,7,84,19,90,2003,0
Steve McNair,3215,8.0,400,250,62.5,24,7,100.4,164,41.0,46,11,73,19,108,2003,1
Jeff Garcia,2704,6.9,392,225,57.4,18,13,80.1,131,33.4,35,6,75,21,104,2003,0
Jeff Blake,2247,6.1,367,208,56.7,13,15,69.6,96,26.2,27,6,71,19,132,2003,0
Drew Brees,2108,5.9,356,205,57.6,11,15,67.5,95,26.7,28,5,68,21,178,2003,0
Patrick Ramsey,2166,6.4,337,179,53.1,14,9,75.8,98,29.1,34,3,64,30,206,2003,0
Jay Fiedler,2138,6.8,314,179,57.0,11,13,72.4,107,34.1,35,2,59,19,126,2003,0
Kelly Holcomb,1797,6.0,302,193,63.9,10,12,74.6,94,31.1,12,1,68,21,166,2003,0
Trent Green,4591,8.3,556,369,66.4,27,17,95.2,227,40.8,59,9,70,32,227,2004,0
Daunte Culpepper,4717,8.6,548,379,69.2,39,11,110.9,224,40.9,63,18,82,46,238,2004,1
Aaron Brooks,3810,7.0,542,309,57.0,21,16,79.5,177,32.7,57,5,57,41,223,2004,0
Brett Favre,4088,7.6,540,346,64.1,30,17,92.4,202,37.4,50,12,79,12,93,2004,0
Jake Delhomme,3886,7.3,533,310,58.2,29,15,87.3,192,36.0,60,8,63,33,246,2004,0
Jake Plummer,4089,7.8,521,303,58.2,27,20,84.5,184,35.3,55,9,85,15,90,2004,0
Kerry Collins,3495,6.8,513,289,56.3,21,20,74.8,153,29.8,49,8,63,25,144,2004,0
Peyton Manning,4557,9.2,497,336,67.6,49,10,121.1,232,46.7,68,13,80,13,101,2004,1
Vinny Testaverde,3532,7.1,495,297,60.0,17,20,76.4,163,32.9,47,4,53,34,182,2004,0
Joey Harrington,3047,6.2,489,274,56.0,19,12,77.5,138,28.2,43,4,62,36,196,2004,0
Marc Bulger,3964,8.2,485,321,66.2,21,14,93.7,180,37.1,56,6,56,41,302,2004,0
Tom Brady,3692,7.8,474,288,60.8,28,14,92.6,188,39.7,52,10,50,26,162,2004,1
Matt Hasselbeck,3382,7.1,474,279,58.9,22,15,83.2,177,37.3,43,2,60,30,155,2004,0
Donovan McNabb,3875,8.3,469,300,64.0,31,8,104.7,175,37.3,50,20,80,32,192,2004,1
David Carr,3531,7.6,466,285,61.2,16,14,83.6,173,37.1,47,6,69,49,301,2004,0
Kyle Boller,2559,5.5,464,258,55.6,13,11,70.9,135,29.1,28,4,57,35,247,2004,0
Drew Bledsoe,2932,6.5,450,256,56.9,20,16,76.6,144,32.0,31,9,69,37,215,2004,0
Byron Leftwich,2941,6.7,441,267,60.5,15,10,82.2,140,31.8,33,7,65,25,114,2004,0
Carson Palmer,2897,6.7,432,263,60.9,18,18,77.3,140,32.4,34,8,76,25,178,2004,0
Josh McCown,2511,6.2,408,233,57.1,11,10,74.1,122,29.9,30,3,48,31,263,2004,0
Drew Brees,3159,7.9,400,262,65.5,27,7,104.8,141,35.2,40,9,79,18,131,2004,1
Chad Pennington,2673,7.2,370,242,65.4,16,9,91.0,136,36.8,33,6,48,18,103,2004,0
Billy Volek,2486,7.0,357,218,61.1,18,10,87.1,120,33.6,34,5,48,30,216,2004,0
A.J. Feeley,1893,5.3,356,191,53.6,11,15,61.7,101,28.4,15,0,38,23,136,2004,0
Brian Griese,2632,7.8,336,233,69.4,20,12,97.5,126,37.5,35,6,68,26,169,2004,0
Brett Favre,3881,6.4,607,372,61.3,20,29,70.9,202,33.3,40,7,59,24,170,2005,0
Kerry Collins,3759,6.6,565,302,53.4,20,12,77.3,181,32.0,49,6,79,39,261,2005,0
Eli Manning,3762,6.8,557,294,52.8,24,17,75.9,172,30.9,49,8,78,28,184,2005,0
Tom Brady,4110,7.8,530,334,63.0,26,14,92.3,193,36.4,59,9,71,26,188,2005,1
Carson Palmer,3836,7.5,509,345,67.8,32,12,101.1,197,38.7,43,9,70,19,105,2005,1
Trent Green,4014,7.9,507,317,62.5,17,10,90.1,182,35.9,51,11,60,32,204,2005,1
Drew Brees,3576,7.2,500,323,64.6,24,15,89.2,182,36.4,46,4,54,27,223,2005,0
Drew Bledsoe,3639,7.3,499,300,60.1,23,17,83.7,177,35.5,42,9,71,49,295,2005,0
Gus Frerotte,2996,6.1,494,257,52.0,18,13,71.9,142,28.7,39,8,60,26,158,2005,0
Steve McNair,3161,6.6,476,292,61.3,16,11,82.4,164,34.4,29,7,57,20,134,2005,1
Jake Plummer,3366,7.4,456,277,60.8,18,7,90.2,162,35.5,44,8,72,22,135,2005,1
Mark Brunell,3050,6.7,454,262,57.7,23,10,85.9,154,33.9,36,9,78,27,213,2005,0
Peyton Manning,3747,8.3,453,305,67.3,28,10,104.1,197,43.5,45,6,80,17,81,2005,1
Matt Hasselbeck,3459,7.7,449,294,65.5,24,9,98.2,182,40.5,41,7,56,24,154,2005,1
Jake Delhomme,3421,7.9,435,262,60.2,24,16,88.1,153,35.2,44,13,80,28,214,2005,1
Aaron Brooks,2882,6.7,431,240,55.7,13,17,70.0,145,33.6,38,4,66,33,202,2005,0
David Carr,2488,5.9,423,256,60.5,14,11,77.2,135,31.9,18,2,53,68,424,2005,0
Mike Vick,2412,6.2,387,214,55.3,15,13,73.1,126,32.6,27,3,58,33,201,2005,0
Kurt Warner,2713,7.2,375,242,64.5,11,9,85.8,134,35.7,37,4,63,23,158,2005,0
Kyle Orton,1869,5.1,368,190,51.6,9,13,59.7,92,25.0,23,3,54,30,190,2005,0
Donovan McNabb,2507,7.0,357,211,59.1,16,9,85.0,116,32.5,27,6,91,19,112,2005,0
Trent Dilfer,2321,7.0,333,199,59.8,11,12,76.9,101,30.3,26,7,80,23,139,2005,0
Joey Harrington,2021,6.1,330,188,57.0,12,12,72.0,101,30.6,23,6,86,24,136,2005,0
Chris Simms,2035,6.5,313,191,61.0,10,7,81.4,107,34.2,21,3,78,29,205,2005,0
Byron Leftwich,2123,7.0,302,175,58.0,15,5,89.3,101,33.4,31,5,45,23,110,2005,0
Brett Favre,3885,6.3,613,343,56.0,18,18,72.7,182,29.7,49,8,82,21,134,2006,0
Jon Kitna,4208,7.1,596,372,62.4,21,22,79.9,208,34.9,59,3,60,63,388,2006,0
Marc Bulger,4301,7.3,588,370,62.9,24,8,92.9,211,35.9,60,10,67,49,366,2006,1
Peyton Manning,4397,7.9,557,362,65.0,31,9,101.0,241,43.3,53,7,68,14,86,2006,1
Drew Brees,4418,8.0,554,356,64.3,26,11,96.2,201,36.3,61,18,86,18,105,2006,1
Eli Manning,3244,6.2,522,301,57.7,24,18,77.0,163,31.2,33,8,55,25,186,2006,0
Carson Palmer,4035,7.8,520,324,62.3,28,13,93.9,199,38.3,52,15,74,36,233,2006,1
Tom Brady,3529,6.8,516,319,61.8,24,12,87.9,176,34.1,46,8,62,26,175,2006,0
Chad Pennington,3352,6.9,485,313,64.5,17,16,82.6,161,33.2,38,9,71,30,172,2006,0
Rex Grossman,3193,6.6,480,262,54.6,23,20,73.9,150,31.2,47,8,62,21,142,2006,0
Ben Roethlisberger,3513,7.5,469,280,59.7,18,23,75.4,178,38.0,42,7,67,46,280,2006,0
Steve McNair,3050,6.5,468,295,63.0,16,12,82.5,159,34.0,33,3,87,14,84,2006,0
Philip Rivers,3388,7.4,460,284,61.7,22,9,92.0,167,36.3,41,5,57,27,144,2006,1
David Carr,2767,6.3,442,302,68.3,11,12,82.1,141,31.9,25,3,53,41,240,2006,0
Alex Smith,2890,6.5,442,257,58.1,16,16,74.8,132,29.9,34,8,75,35,202,2006,0
Brad Johnson,2750,6.3,439,270,61.5,9,15,72.0,132,30.1,36,4,46,29,200,2006,0
Jake Delhomme,2805,6.5,431,263,61.0,17,11,82.6,128,29.7,30,7,72,22,167,2006,0
J.P. Losman,3051,7.1,429,268,62.5,19,14,84.9,132,30.8,35,10,83,47,332,2006,0
Charlie Frye,2454,6.2,393,252,64.1,10,17,72.0,116,29.5,24,6,75,44,262,2006,0
Joey Harrington,2236,5.8,388,223,57.5,12,15,68.2,113,29.1,21,5,48,15,116,2006,0
Mike Vick,2474,6.4,388,204,52.6,20,13,75.7,123,31.7,30,8,55,45,303,2006,0
Matt Leinart,2547,6.8,377,214,56.8,11,12,74.0,124,32.9,35,6,58,21,158,2006,0
Matt Hasselbeck,2442,6.6,371,210,56.6,18,15,76.0,125,33.7,30,5,72,34,229,2006,0
Vince Young,2199,6.2,357,184,51.5,12,13,66.7,107,30.0,33,1,53,25,129,2006,1
Tony Romo,2903,8.6,337,220,65.3,19,13,95.1,143,42.4,42,9,56,21,124,2006,1
Drew Brees,4423,6.8,652,440,67.5,28,18,89.4,232,35.6,47,8,58,16,109,2007,0
Tom Brady,4806,8.3,578,398,68.9,50,8,117.2,240,41.5,56,15,69,21,128,2007,1
Carson Palmer,4131,7.2,575,373,64.9,26,20,86.7,213,37.0,51,8,70,17,119,2007,0
Matt Hasselbeck,3966,7.1,562,352,62.6,28,12,91.4,204,36.3,48,7,65,33,204,2007,1
Jon Kitna,4068,7.2,561,355,63.3,18,20,80.9,196,34.9,45,7,91,51,320,2007,0
Brett Favre,4155,7.8,535,356,66.5,28,15,95.7,197,36.8,49,16,82,15,93,2007,1
Eli Manning,3336,6.3,529,297,56.1,23,20,73.9,165,31.2,36,6,60,27,217,2007,0
Derek Anderson,3787,7.2,527,298,56.6,29,19,82.5,187,35.5,53,6,78,14,109,2007,1
Tony Romo,4211,8.1,520,335,64.4,36,19,97.4,215,41.4,55,11,59,24,176,2007,1
Peyton Manning,4040,7.8,515,337,65.4,31,14,98.0,205,39.8,53,9,73,21,124,2007,1
Donovan McNabb,3324,7.0,473,291,61.5,19,7,89.9,152,32.1,35,10,75,44,227,2007,0
Jay Cutler,3497,7.5,467,297,63.6,20,14,88.1,175,37.5,41,7,68,27,153,2007,0
Philip Rivers,3152,6.8,460,277,60.2,21,15,82.4,157,34.1,44,4,49,22,163,2007,0
Kurt Warner,3417,7.6,451,281,62.3,27,17,89.8,167,37.0,44,5,62,20,140,2007,0
Jason Campbell,2700,6.5,417,250,60.0,12,11,77.6,148,35.5,30,4,54,21,110,2007,0
Ben Roethlisberger,3154,7.8,404,264,65.4,32,11,104.1,168,41.6,39,6,83,47,347,2007,1
Vince Young,2546,6.7,382,238,62.3,9,17,71.1,141,36.9,24,5,73,25,157,2007,0
Marc Bulger,2392,6.3,378,221,58.5,11,15,70.3,129,34.1,29,1,40,37,269,2007,0
Joey Harrington,2215,6.4,348,215,61.8,7,8,77.2,100,28.7,26,2,69,32,192,2007,0
Damon Huard,2257,6.8,332,206,62.0,11,13,76.8,111,33.4,30,2,58,36,234,2007,0
Jeff Garcia,2440,7.5,327,209,63.9,13,4,94.6,112,34.2,29,8,69,19,104,2007,1
David Garrard,2509,7.7,325,208,64.0,18,3,102.2,126,38.8,34,5,59,21,99,2007,0
Cleo Lemon,1773,5.7,309,173,56.0,6,6,71.0,87,28.2,19,2,64,25,166,2007,0
Tarvaris Jackson,1911,6.5,294,171,58.2,9,12,70.8,95,32.3,15,4,71,19,70,2007,0
Matt Schaub,2241,7.8,289,192,66.4,9,9,87.2,97,33.6,23,6,77,16,126,2007,0
Drew Brees,5069,8.0,635,413,65.0,34,17,96.2,232,36.5,66,16,84,13,92,2008,1
Jay Cutler,4526,7.4,616,384,62.3,25,18,86.0,222,36.0,55,7,93,11,69,2008,1
Kurt Warner,4583,7.7,598,401,67.1,30,14,96.9,220,36.8,50,12,79,26,182,2008,1
Donovan McNabb,3916,6.9,571,345,60.4,23,11,86.4,196,34.3,52,11,90,23,149,2008,0
Peyton Manning,4002,7.2,555,371,66.8,27,12,95.0,210,37.8,40,7,75,14,86,2008,1
Aaron Rodgers,4038,7.5,536,341,63.6,28,13,93.8,182,34.0,48,16,71,34,231,2008,0
David Garrard,3620,6.8,535,335,62.6,15,13,81.7,183,34.2,42,1,41,42,288,2008,0
Brett Favre,3472,6.6,522,343,65.7,22,22,81.0,184,35.2,40,7,56,30,213,2008,1
Matt Cassel,3693,7.2,516,327,63.4,21,11,89.4,182,35.3,37,6,76,47,219,2008,0
Jason Campbell,3245,6.4,506,315,62.2,13,6,84.3,162,32.0,34,3,67,38,266,2008,0
Eli Manning,3238,6.8,479,289,60.3,21,10,86.4,169,35.3,32,4,48,27,174,2008,1
Philip Rivers,4009,8.4,478,312,65.3,34,11,105.5,191,40.0,48,12,67,25,151,2008,0
Chad Pennington,3653,7.7,476,321,67.4,19,7,97.4,180,37.8,38,8,80,24,121,2008,0
Ben Roethlisberger,3301,7.0,469,281,59.9,17,15,80.1,162,34.5,35,7,65,46,284,2008,0
Kyle Orton,2972,6.4,465,272,58.5,18,12,79.6,141,30.3,34,3,65,27,160,2008,0
Tony Romo,3448,7.7,450,276,61.3,26,14,91.4,150,33.3,48,11,75,20,123,2008,0
Marc Bulger,2720,6.2,440,251,57.0,11,13,71.4,121,27.5,33,7,80,38,263,2008,0
Matt Ryan,3440,7.9,434,265,61.1,16,11,87.7,157,36.2,45,9,70,17,104,2008,0
Joe Flacco,2971,6.9,428,257,60.0,14,12,80.3,143,33.4,37,10,70,32,276,2008,0
Tyler Thigpen,2608,6.2,420,230,54.8,18,12,76.0,127,30.2,28,4,75,26,162,2008,0
Kerry Collins,2676,6.4,415,242,58.3,12,7,80.2,133,32.0,33,4,56,8,60,2008,0
Jake Delhomme,3288,7.9,414,246,59.4,15,12,84.7,152,36.7,45,9,65,20,130,2008,0
Matt Schaub,3043,8.0,380,251,66.0,15,10,92.7,146,38.4,42,8,65,23,149,2008,0
Jeff Garcia,2712,7.2,376,244,64.9,12,6,90.2,125,33.2,33,5,71,23,100,2008,0
Trent Edwards,2699,7.2,374,245,65.5,11,10,85.4,132,35.3,35,5,65,23,143,2008,0
Matt Schaub,4770,8.2,583,396,67.9,29,15,98.6,230,39.4,62,15,72,25,149,2009,0
Peyton Manning,4500,7.9,571,393,68.8,33,16,99.9,237,41.5,59,8,80,10,74,2009,1
Tom Brady,4398,7.8,565,371,65.7,28,13,96.2,214,37.9,43,12,81,16,86,2009,1
Jay Cutler,3666,6.6,555,336,60.5,27,26,76.8,170,30.6,56,6,71,35,204,2009,0
Tony Romo,4483,8.2,550,347,63.1,26,9,97.6,203,36.9,61,17,80,34,196,2009,0
Kyle Orton,3802,7.0,541,336,62.1,21,12,86.8,185,34.2,43,9,87,29,159,2009,0
Aaron Rodgers,4434,8.2,541,350,64.7,30,7,103.2,197,36.4,55,17,83,50,306,2009,1
Brett Favre,4202,7.9,531,363,68.4,33,7,107.2,211,39.7,52,13,63,34,247,2009,1
David Garrard,3597,7.0,516,314,60.8,15,10,83.4,170,33.0,44,6,63,42,236,2009,0
Drew Brees,4388,8.5,514,363,70.6,34,11,109.6,210,40.9,58,11,75,20,135,2009,1
Kurt Warner,3753,7.3,513,339,66.1,26,14,93.2,191,37.2,42,3,45,24,172,2009,0
Eli Manning,4021,7.9,509,317,62.3,27,14,93.1,183,36.0,60,12,74,30,216,2009,0
Jason Campbell,3618,7.1,507,327,64.5,20,15,86.4,186,36.7,40,8,84,43,285,2009,0
Ben Roethlisberger,4328,8.6,506,337,66.6,26,12,100.5,202,39.9,61,14,60,50,348,2009,0
Joe Flacco,3613,7.2,499,315,63.1,21,12,88.9,186,37.3,44,8,72,36,218,2009,0
Matt Cassel,2924,5.9,493,271,55.0,16,16,69.9,128,26.0,37,8,61,42,243,2009,0
Matt Hasselbeck,3029,6.2,488,293,60.0,17,17,75.1,146,29.9,32,5,53,32,209,2009,0
Philip Rivers,4254,8.8,486,317,65.2,28,9,104.4,208,42.8,64,12,81,25,167,2009,1
Carson Palmer,3094,6.6,466,282,60.5,21,13,83.6,158,33.9,36,5,73,26,213,2009,0
Chad Henne,2878,6.4,451,274,60.8,12,14,75.2,156,34.6,23,4,67,26,176,2009,0
Matt Ryan,2916,6.5,451,263,58.3,22,14,81.0,152,33.7,31,4,90,19,92,2009,0
Donovan McNabb,3553,8.0,443,267,60.3,22,10,92.9,148,33.4,55,17,60,35,264,2009,0
Matthew Stafford,2267,6.0,377,201,53.3,13,20,61.0,111,29.4,26,6,75,24,169,2009,0
Alex Smith,2350,6.3,372,225,60.5,18,12,81.5,98,26.3,33,5,73,22,134,2009,0
Mark Sanchez,2444,6.7,364,196,53.8,12,20,63.0,123,33.8,34,8,65,26,195,2009,0
Peyton Manning,4700,6.9,679,450,66.3,33,17,91.9,253,37.3,43,9,73,16,91,2010,1
Drew Brees,4620,7.0,658,448,68.1,33,22,90.9,236,35.9,47,10,80,25,185,2010,1
Sam Bradford,3512,6.0,590,354,60.0,18,15,76.5,179,30.3,36,4,49,34,244,2010,0
Carson Palmer,3970,6.8,586,362,61.8,26,20,82.4,205,35.0,45,9,78,26,201,2010,0
Matt Schaub,4370,7.6,574,365,63.6,24,12,92.0,222,38.7,59,9,60,32,226,2010,0
Matt Ryan,3705,6.5,571,357,62.5,28,9,91.0,199,34.8,32,6,46,23,158,2010,1
Philip Rivers,4710,8.7,541,357,66.0,30,13,101.8,234,43.2,65,14,59,38,227,2010,1
Eli Manning,4002,7.4,539,339,62.9,31,25,85.3,192,35.6,57,7,92,16,117,2010,0
Mark Sanchez,3291,6.5,507,278,54.8,17,13,75.3,162,32.0,43,10,74,27,171,2010,0
Kyle Orton,3653,7.3,498,293,58.8,20,9,87.5,173,34.7,52,11,71,34,243,2010,0
Tom Brady,3900,7.9,492,324,65.8,36,4,111.0,189,38.4,53,9,79,25,175,2010,1
Chad Henne,3301,6.7,490,301,61.4,15,19,75.4,168,34.3,37,4,57,30,178,2010,0
Joe Flacco,3622,7.4,489,306,62.6,25,10,93.6,174,35.6,40,7,67,40,294,2010,0
Aaron Rodgers,3922,8.3,475,312,65.7,28,11,101.2,183,38.5,54,10,86,31,193,2010,0
Josh Freeman,3451,7.3,474,291,61.4,25,6,95.9,166,35.0,48,10,64,28,195,2010,0
Donovan McNabb,3377,7.2,472,275,58.3,14,15,77.1,152,32.2,41,11,76,37,271,2010,0
Matt Cassel,3116,6.9,450,262,58.2,27,7,93.0,163,36.2,40,4,75,26,182,2010,0
Matt Hasselbeck,3001,6.8,444,266,59.9,12,17,73.2,136,30.6,33,10,87,29,175,2010,0
Ryan Fitzpatrick,3000,6.8,441,255,57.8,23,15,81.8,151,34.2,39,8,65,24,145,2010,0
Jay Cutler,3274,7.6,432,261,60.4,23,16,86.3,159,36.8,41,6,89,52,352,2010,0
Shaun Hill,2686,6.5,416,257,61.8,16,12,81.3,133,32.0,32,3,75,17,113,2010,0
Ben Roethlisberger,3200,8.2,389,240,61.7,17,5,97.0,149,38.3,52,8,56,32,220,2010,0
Mike Vick,3018,8.1,372,233,62.6,21,6,100.2,131,35.2,48,12,91,34,210,2010,0
David Garrard,2734,7.5,366,236,64.5,23,15,90.8,130,35.5,39,5,75,33,253,2010,0
Brett Favre,2509,7.0,358,217,60.6,11,19,69.9,114,31.8,38,1,53,22,139,2010,0
Matthew Stafford,5038,7.6,663,421,63.5,41,16,97.2,243,36.6,64,16,73,36,257,2011,0
Drew Brees,5476,8.3,657,468,71.2,46,14,110.6,278,42.3,69,11,79,24,158,2011,1
Tom Brady,5235,8.6,611,401,65.6,39,12,105.6,261,42.7,71,14,99,32,173,2011,1
Eli Manning,4933,8.4,589,359,61.0,29,16,92.9,216,36.7,67,18,99,28,199,2011,1
Philip Rivers,4624,8.0,582,366,62.9,27,20,88.7,234,40.2,69,8,58,30,198,2011,1
Ryan Fitzpatrick,3832,6.7,569,353,62.0,24,23,79.1,178,31.3,48,8,60,22,148,2011,0
Matt Ryan,4177,7.4,566,347,61.3,29,12,92.2,205,36.2,55,10,80,26,173,2011,0
Josh Freeman,3592,6.5,551,346,62.8,16,22,74.6,168,30.5,33,5,65,29,164,2011,0
Mark Sanchez,3474,6.4,543,308,56.7,26,18,78.2,171,31.5,39,2,74,39,243,2011,0
Joe Flacco,3610,6.7,542,312,57.6,20,12,80.9,179,33.0,44,7,74,31,203,2011,0
Tony Romo,4184,8.0,522,346,66.3,31,10,102.5,203,38.9,56,11,77,36,227,2011,0
Matt Hasselbeck,3571,6.9,518,319,61.6,18,14,82.4,163,31.5,43,10,80,19,153,2011,0
Cam Newton,4051,7.8,517,310,60.0,21,17,84.5,173,33.5,65,9,91,35,260,2011,0
Andy Dalton,3398,6.6,516,300,58.1,20,13,80.4,156,30.2,48,10,84,24,160,2011,0
Ben Roethlisberger,4077,8.0,513,324,63.2,21,14,90.1,210,40.9,56,9,95,40,269,2011,1
Aaron Rodgers,4643,9.2,502,343,68.3,45,6,122.5,208,41.4,64,13,93,36,219,2011,1
Colt McCoy,2733,5.9,463,265,57.2,14,11,74.6,144,31.1,26,5,56,32,173,2011,0
Rex Grossman,3151,6.9,458,265,57.9,16,20,72.4,159,34.7,48,6,51,25,201,2011,0
Tarvaris Jackson,3091,6.9,450,271,60.2,14,13,79.2,138,30.7,45,8,61,42,293,2011,0
Alex Smith,3144,7.1,445,273,61.4,17,5,90.7,147,33.0,41,6,56,44,263,2011,0
Mike Vick,3303,7.8,423,253,59.8,18,14,84.9,155,36.6,50,6,73,23,126,2011,0
Blaine Gabbert,2214,5.4,413,210,50.8,12,11,65.4,109,26.4,25,4,74,40,293,2011,0
Sam Bradford,2164,6.1,357,191,53.5,6,6,70.5,104,29.1,25,3,68,36,248,2011,0
Matt Moore,2497,7.2,347,210,60.5,16,9,87.1,122,35.2,38,6,65,36,229,2011,0
Carson Palmer,2753,8.4,328,199,60.7,13,16,80.5,122,37.2,43,11,78,17,119,2011,0
Matthew Stafford,4967,6.8,727,435,59.8,20,17,79.8,264,36.3,63,9,57,29,212,2012,0
Drew Brees,5177,7.7,670,422,63.0,43,19,96.3,266,39.7,66,13,80,26,190,2012,0
Tony Romo,4903,7.6,648,425,65.6,28,19,90.4,231,35.6,54,9,85,36,263,2012,0
Tom Brady,4827,7.6,637,401,63.0,34,8,98.7,255,40.0,57,8,83,27,182,2012,1
Andrew Luck,4374,7.0,627,339,54.1,23,18,76.5,208,33.2,65,11,70,41,246,2012,0
Matt Ryan,4719,7.7,615,422,68.6,32,14,99.1,246,40.0,46,10,80,28,210,2012,1
Peyton Manning,4659,8.0,583,400,68.6,37,11,105.8,230,39.4,64,7,71,21,137,2012,1
Carson Palmer,4018,7.1,565,345,61.1,22,14,85.2,184,32.6,49,10,64,26,199,2012,0
Josh Freeman,4065,7.3,558,306,54.8,27,17,81.6,185,33.2,55,16,95,26,161,2012,0
Aaron Rodgers,4295,7.8,552,371,67.2,39,8,108.0,211,38.2,54,9,73,51,293,2012,1
Sam Bradford,3702,6.7,551,328,59.5,21,13,82.6,185,33.6,41,8,80,35,233,2012,0
Matt Schaub,4008,7.4,544,350,64.3,22,12,90.7,202,37.1,46,8,60,27,216,2012,1
Eli Manning,3948,7.4,536,321,59.9,26,15,87.2,186,34.7,50,10,80,19,136,2012,0
Joe Flacco,3817,7.2,531,317,59.7,22,10,87.8,174,32.8,60,12,61,35,227,2012,0
Andy Dalton,3669,7.0,528,329,62.3,27,16,87.4,171,32.4,37,12,59,46,229,2012,0
Philip Rivers,3606,6.8,527,338,64.1,26,15,88.6,184,34.9,41,3,80,49,311,2012,0
Brandon Weeden,3385,6.6,517,297,57.4,14,17,72.6,168,32.5,48,6,71,28,186,2012,0
Ryan Fitzpatrick,3400,6.7,505,306,60.6,24,16,83.3,174,34.5,44,7,68,30,161,2012,0
Cam Newton,3869,8.0,485,280,57.7,19,12,86.2,168,34.6,57,11,82,36,244,2012,0
Ryan Tannehill,3294,6.8,484,282,58.3,12,13,76.1,151,31.2,40,3,80,35,234,2012,0
Christian Ponder,2935,6.1,483,300,62.1,18,12,81.2,163,33.8,28,3,65,32,184,2012,0
Mark Sanchez,2883,6.4,453,246,54.3,13,18,66.9,146,32.2,36,5,66,34,209,2012,0
Ben Roethlisberger,3265,7.3,449,284,63.2,26,8,97.0,167,37.2,39,6,82,30,182,2012,0
Jay Cutler,3033,7.0,434,255,58.8,19,14,81.3,153,35.2,38,5,60,38,250,2012,0
Robert Griffin III,3200,8.1,393,258,65.6,20,5,102.4,151,38.4,47,6,88,30,217,2012,1
Peyton Manning,5477,8.3,659,450,68.3,55,10,115.1,289,43.8,68,13,78,18,120,2013,1
Matt Ryan,4515,6.9,651,439,67.4,26,17,89.6,225,34.6,44,9,81,44,298,2013,0
Drew Brees,5162,7.9,650,446,68.6,39,12,104.7,244,37.5,67,15,76,37,244,2013,1
Matthew Stafford,4650,7.3,634,371,58.5,29,19,84.2,221,34.9,62,10,87,23,168,2013,0
Tom Brady,4343,6.9,628,380,60.5,25,11,87.3,225,35.8,49,8,81,40,256,2013,1
Joe Flacco,3912,6.4,614,362,59.0,19,22,73.2,189,30.8,45,14,74,48,324,2013,0
Ryan Tannehill,3913,6.6,588,355,60.4,24,17,81.7,204,34.7,46,10,67,58,399,2013,0
Andy Dalton,4293,7.3,586,363,62.0,33,20,88.8,204,34.8,56,15,82,29,182,2013,0
Ben Roethlisberger,4261,7.3,584,375,64.2,28,14,92.0,205,35.1,60,10,67,42,282,2013,0
Carson Palmer,4274,7.5,572,362,63.3,24,22,83.9,204,35.7,49,9,91,41,289,2013,0
Andrew Luck,3822,6.7,570,343,60.2,23,9,87.0,185,32.5,43,9,73,32,227,2013,0
Eli Manning,3818,6.9,551,317,57.5,18,27,69.4,174,31.6,54,7,70,39,281,2013,0
Philip Rivers,4478,8.2,544,378,69.5,32,11,105.5,230,42.3,60,6,60,30,150,2013,1
Tony Romo,3828,7.2,535,342,63.9,31,10,96.7,194,36.3,44,7,82,35,272,2013,0
Alex Smith,3313,6.5,508,308,60.6,23,7,89.1,165,32.5,42,6,71,39,210,2013,0
Chad Henne,3241,6.4,503,305,60.6,13,14,76.5,151,30.0,37,5,62,38,243,2013,0
Cam Newton,3379,7.1,473,292,61.7,24,13,88.8,169,35.7,33,7,79,43,336,2013,1
Robert Griffin III,3203,7.0,456,274,60.1,16,12,82.2,157,34.4,32,4,62,38,274,2013,0
Geno Smith,3046,6.9,443,247,55.8,12,21,66.5,143,32.3,43,6,69,43,315,2013,0
Mike Glennon,2608,6.3,416,247,59.4,19,9,83.9,126,30.3,28,7,85,40,314,2013,0
Colin Kaepernick,3197,7.7,416,243,58.4,21,8,91.6,147,35.3,46,10,64,39,231,2013,0
Russell Wilson,3357,8.2,407,257,63.1,26,9,101.2,153,37.6,49,10,80,44,272,2013,1
Matt Schaub,2310,6.4,358,219,61.2,10,14,73.0,115,32.1,26,3,46,21,162,2013,0
Jay Cutler,2621,7.4,355,224,63.1,19,12,89.2,125,35.2,32,8,67,19,132,2013,0
Ryan Fitzpatrick,2454,7.0,350,217,62.0,14,12,82.0,116,33.1,32,7,77,21,109,2013,0
Drew Brees,4952,7.5,659,456,69.2,33,17,97.0,258,39.2,52,10,69,29,186,2014,0
Matt Ryan,4694,7.5,628,415,66.1,28,14,93.9,230,36.6,60,8,79,31,205,2014,0
Andrew Luck,4761,7.7,616,380,61.7,40,16,96.5,234,38.0,73,15,80,27,161,2014,1
Ben Roethlisberger,4952,8.1,608,408,67.1,32,9,103.3,240,39.5,55,15,94,33,172,2014,1
Matthew Stafford,4257,7.1,602,363,60.3,22,12,85.7,209,34.7,53,11,73,45,254,2014,0
Eli Manning,4410,7.3,601,379,63.1,30,14,92.1,216,35.9,52,10,80,28,187,2014,0
Derek Carr,3270,5.5,599,348,58.1,21,12,76.6,163,27.2,28,7,77,24,149,2014,0
Peyton Manning,4727,7.9,597,395,66.2,39,15,101.5,225,37.7,66,11,86,17,118,2014,1
Ryan Tannehill,4045,6.9,590,392,66.4,27,12,92.8,224,38.0,41,4,50,46,337,2014,0
Tom Brady,4109,7.1,582,373,64.1,33,9,97.4,220,37.8,44,8,69,21,134,2014,1
Philip Rivers,4286,7.5,570,379,66.5,31,18,93.8,213,37.4,57,9,59,36,189,2014,0
Jay Cutler,3812,6.8,561,370,66.0,28,18,88.6,181,32.3,39,8,74,38,223,2014,0
Joe Flacco,3986,7.2,554,344,62.1,27,12,91.0,194,35.0,50,7,80,19,167,2014,0
Aaron Rodgers,4381,8.4,520,341,65.6,38,5,112.2,219,42.1,59,15,80,28,174,2014,1
Andy Dalton,3398,7.1,481,309,64.2,19,17,83.5,158,32.8,33,7,81,21,124,2014,0
Colin Kaepernick,3369,7.0,478,289,60.5,19,10,86.4,163,34.1,48,5,80,52,344,2014,0
Blake Bortles,2908,6.1,475,280,59.0,11,17,69.5,132,27.8,37,6,63,55,345,2014,0
Alex Smith,3265,7.0,464,303,65.3,18,6,93.4,175,37.7,40,3,70,45,229,2014,0
Russell Wilson,3475,7.7,452,285,63.0,20,7,95.0,159,35.2,54,8,80,42,242,2014,0
Cam Newton,3127,7.0,448,262,58.5,18,12,82.1,155,34.6,37,4,51,38,300,2014,0
Kyle Orton,3018,6.8,447,287,64.2,18,10,87.8,147,32.9,39,7,84,33,198,2014,0
Brian Hoyer,3326,7.6,438,242,55.2,12,13,76.5,163,37.2,51,10,81,24,160,2014,0
Tony Romo,3705,8.5,435,304,69.9,34,9,113.2,189,43.4,49,10,68,29,215,2014,1
Teddy Bridgewater,2919,7.3,402,259,64.4,14,12,85.2,137,34.1,38,7,87,39,249,2014,0
Geno Smith,2525,6.9,367,219,59.7,13,13,77.5,118,32.2,33,7,74,28,175,2014,0
Philip Rivers,4792,7.2,661,437,66.1,29,13,93.8,226,34.2,53,8,80,40,264,2015,0
Drew Brees,4870,7.8,627,428,68.3,32,11,101.0,228,36.4,68,13,80,31,235,2015,0
Tom Brady,4770,7.6,624,402,64.4,36,7,102.2,228,36.5,58,12,76,38,225,2015,1
Eli Manning,4432,7.2,618,387,62.6,35,14,93.6,204,33.0,52,16,87,27,157,2015,0
Matt Ryan,4591,7.5,614,407,66.3,21,16,89.0,229,37.3,49,9,70,30,206,2015,0
Blake Bortles,4428,7.3,606,355,58.6,35,18,88.2,215,35.5,72,11,90,51,320,2015,0
Matthew Stafford,4262,7.2,592,398,67.2,32,13,97.0,223,37.7,49,8,57,44,251,2015,0
Ryan Tannehill,4208,7.2,586,363,62.0,24,12,88.7,193,32.9,57,13,54,45,420,2015,0
Derek Carr,3987,7.0,573,350,61.1,32,13,91.1,183,31.9,53,10,68,31,230,2015,0
Aaron Rodgers,3821,6.7,572,347,60.7,31,8,92.7,173,30.2,55,6,65,46,314,2015,1
Ryan Fitzpatrick,3905,7.0,562,335,59.6,31,15,88.0,196,34.9,53,9,69,19,94,2015,0
Kirk Cousins,4166,7.7,543,379,69.8,29,11,101.6,204,37.6,50,8,78,26,186,2015,0
Carson Palmer,4671,8.7,537,342,63.7,35,11,104.6,231,43.0,65,15,68,25,151,2015,1
Jameis Winston,4042,7.6,535,312,58.3,22,15,84.2,201,37.6,57,9,68,27,190,2015,0
Sam Bradford,3725,7.0,532,346,65.0,19,14,86.4,164,30.8,46,13,78,28,200,2015,0
Cam Newton,3837,7.8,495,296,59.8,35,10,99.4,195,39.4,52,10,74,33,284,2015,1
Jay Cutler,3659,7.6,483,311,64.4,21,11,92.3,171,35.4,53,10,87,29,150,2015,0
Russell Wilson,4024,8.3,483,329,68.1,34,8,110.1,187,38.7,60,9,80,45,265,2015,1
Alex Smith,3486,7.4,470,307,65.3,20,7,95.4,154,32.8,42,10,80,45,235,2015,0
Ben Roethlisberger,3938,8.4,469,319,68.0,21,16,94.5,174,37.1,48,17,69,20,141,2015,1
Teddy Bridgewater,3231,7.2,447,292,65.3,14,9,88.7,153,34.2,41,6,52,44,307,2015,0
Joe Flacco,2791,6.8,413,266,64.4,14,12,83.1,123,29.8,36,4,50,16,124,2015,0
Andy Dalton,3250,8.4,386,255,66.1,25,7,106.2,147,38.1,52,11,80,20,118,2015,0
Tyrod Taylor,3035,8.0,380,242,63.7,20,6,99.4,129,34.0,45,11,63,36,212,2015,0
Marcus Mariota,2818,7.6,370,230,62.2,19,10,91.5,142,38.4,40,4,61,38,258,2015,0
Drew Brees,5208,7.7,673,471,70.0,37,15,101.7,264,39.2,70,10,98,27,184,2016,0
Joe Flacco,4317,6.4,672,436,64.9,20,15,83.5,204,30.4,40,11,95,33,243,2016,0
Blake Bortles,3905,6.2,625,368,58.9,23,16,78.8,206,33.0,43,4,51,34,197,2016,0
Aaron Rodgers,4428,7.3,610,401,65.7,40,7,104.2,222,36.4,57,10,66,35,246,2016,1
Carson Wentz,3782,6.2,607,379,62.4,16,14,79.2,191,31.5,39,6,73,33,213,2016,0
Kirk Cousins,4917,8.1,606,406,67.0,25,12,97.2,225,37.1,69,13,80,23,190,2016,0
Eli Manning,4027,6.7,598,377,63.0,26,16,86.0,190,31.8,46,11,75,21,142,2016,0
Carson Palmer,4233,7.1,597,364,61.0,26,14,87.2,218,36.5,48,6,80,40,281,2016,0
Matthew Stafford,4327,7.3,594,388,65.3,24,10,93.3,217,36.5,52,10,73,37,216,2016,0
Philip Rivers,4386,7.6,578,349,60.4,33,21,87.9,214,37.0,57,16,59,36,188,2016,0
Jameis Winston,4090,7.2,567,345,60.8,28,18,86.1,214,37.7,43,4,45,35,239,2016,0
Andy Dalton,4206,7.5,563,364,64.6,18,8,91.8,204,36.2,53,13,86,41,264,2016,0
Derek Carr,3937,7.0,560,357,63.8,28,6,96.7,189,33.8,50,8,75,16,79,2016,1
Sam Bradford,3877,7.0,552,395,71.6,20,5,99.3,197,35.7,49,8,71,37,276,2016,0
Russell Wilson,4219,7.7,546,353,64.6,21,11,92.6,193,35.4,51,11,59,41,293,2016,0
Andrew Luck,4240,7.8,545,346,63.5,31,13,96.4,206,37.8,61,8,64,41,268,2016,0
Matt Ryan,4944,9.3,534,373,69.8,38,7,117.1,238,44.6,69,17,76,37,235,2016,1
Cam Newton,3509,6.9,510,270,52.9,19,14,75.8,172,33.7,42,8,88,36,277,2016,0
Brock Osweiler,2957,5.8,510,301,59.0,15,16,72.2,153,30.0,29,4,53,27,206,2016,0
Ben Roethlisberger,3819,7.5,509,328,64.4,29,13,95.4,184,36.2,59,8,72,17,141,2016,1
Alex Smith,3502,7.2,489,328,67.1,15,8,91.2,181,37.0,39,8,80,28,140,2016,0
Trevor Siemian,3401,7.0,486,289,59.5,18,10,84.6,155,31.9,37,8,76,31,187,2016,0
Dak Prescott,3667,8.0,459,311,67.8,23,4,104.9,182,39.6,38,8,83,25,143,2016,1
Marcus Mariota,3426,7.6,451,276,61.2,26,9,95.6,158,35.0,50,7,60,23,156,2016,0
Tyrod Taylor,3023,6.9,436,269,61.7,17,6,89.6,147,33.7,33,7,84,42,192,2016,0
Tom Brady,4577,7.9,581,385,66.3,32,8,102.8,230,39.6,62,10,64,35,201,2017,1
Philip Rivers,4515,7.8,575,360,62.6,28,10,96.0,216,37.6,61,12,75,18,120,2017,1
Eli Manning,3468,6.1,571,352,61.6,19,13,80.4,170,29.8,30,5,77,31,189,2017,0
Matthew Stafford,4446,7.9,565,371,65.7,29,10,99.3,209,37.0,61,16,71,47,287,2017,0
Ben Roethlisberger,4251,7.6,561,360,64.2,28,14,93.4,207,36.9,52,14,97,21,139,2017,1
Russell Wilson,3983,7.2,553,339,61.3,34,11,95.4,183,33.1,58,12,74,43,322,2017,1
Joe Flacco,3141,5.7,549,352,64.1,18,13,80.4,161,29.3,28,5,66,27,205,2017,0
Kirk Cousins,4093,7.6,540,347,64.3,27,13,93.8,191,35.4,59,9,74,41,342,2017,0
Drew Brees,4334,8.1,536,386,72.0,23,8,103.9,201,37.5,72,11,54,20,145,2017,1
Matt Ryan,4095,7.7,529,342,64.6,20,12,91.4,199,37.6,54,8,88,24,156,2017,0
Blake Bortles,3687,7.0,523,315,60.2,21,13,84.7,192,36.7,41,7,75,24,123,2017,0
Derek Carr,3496,6.8,515,323,62.7,22,13,86.4,165,32.0,43,9,87,20,101,2017,0
Alex Smith,4042,8.0,505,341,67.5,26,5,104.7,184,36.4,52,13,79,35,207,2017,0
Andy Dalton,3320,6.7,496,297,59.9,25,12,86.6,162,32.7,33,9,77,39,255,2017,0
Cam Newton,3302,6.7,492,291,59.2,22,16,80.7,166,33.7,46,5,64,35,242,2017,0
Dak Prescott,3324,6.8,490,308,62.9,22,13,86.6,162,33.1,34,8,81,32,185,2017,0
Case Keenum,3547,7.4,481,325,67.6,22,7,98.3,179,37.2,45,8,65,22,136,2017,0
Jared Goff,3804,8.0,477,296,62.0,28,7,100.5,176,36.9,54,12,94,25,172,2017,0
DeShone Kizer,2894,6.1,476,255,53.6,11,22,60.5,130,27.3,43,3,56,38,226,2017,0
Jacoby Brissett,3098,6.6,469,276,58.8,13,7,81.7,143,30.5,32,9,80,52,305,2017,0
Marcus Mariota,3232,7.1,453,281,62.0,13,15,79.3,147,32.4,39,6,75,27,173,2017,0
Jameis Winston,3504,7.9,442,282,63.8,19,11,92.2,180,40.7,32,5,70,33,207,2017,0
Carson Wentz,3296,7.5,440,265,60.2,33,7,101.9,160,36.4,40,9,72,28,162,2017,1
Jay Cutler,2666,6.2,429,266,62.0,19,14,80.8,134,31.2,27,2,65,20,154,2017,0
Tyrod Taylor,2799,6.7,420,263,62.6,14,4,89.2,134,31.9,36,4,47,46,256,2017,0
Ben Roethlisberger,5129,7.6,675,452,67.0,34,16,96.5,248,36.7,61,16,97,24,166,2018,0
Andrew Luck,4593,7.2,639,430,67.3,39,15,98.7,236,36.9,53,7,68,18,134,2018,0
Matt Ryan,4924,8.1,608,422,69.4,35,7,108.1,236,38.8,56,9,75,42,296,2018,0
Kirk Cousins,4298,7.1,606,425,70.1,30,10,99.7,218,36.0,47,7,75,40,262,2018,0
Aaron Rodgers,4442,7.4,597,372,62.3,25,2,97.6,200,33.5,55,16,75,49,353,2018,1
Case Keenum,3890,6.6,586,365,62.3,18,15,81.2,179,30.6,52,11,64,34,235,2018,0
Patrick Mahomes,5097,8.8,580,383,66.0,50,12,113.8,237,40.9,75,15,89,26,171,2018,1
Eli Manning,4299,7.5,576,380,66.0,21,11,92.4,206,35.8,57,10,58,47,358,2018,0
Tom Brady,4355,7.6,570,375,65.8,29,11,97.7,205,36.0,53,8,63,21,147,2018,1
Jared Goff,4688,8.4,561,364,64.9,32,12,101.1,233,41.5,69,9,70,33,223,2018,1
Matthew Stafford,3777,6.8,555,367,66.1,21,11,89.9,198,35.7,44,6,67,40,255,2018,0
Derek Carr,4049,7.3,553,381,68.9,19,10,93.9,197,35.6,52,7,66,51,299,2018,0
Dak Prescott,3885,7.4,526,356,67.7,22,8,96.9,184,35.0,39,9,90,56,347,2018,0
Philip Rivers,4308,8.5,508,347,68.3,32,12,105.5,213,41.9,60,10,75,32,204,2018,1
Deshaun Watson,4165,8.2,505,345,68.3,26,9,103.1,202,40.0,51,8,73,62,384,2018,0
Drew Brees,3992,8.2,489,364,74.4,32,5,115.7,199,40.7,58,6,72,17,121,2018,1
Baker Mayfield,3725,7.7,486,310,63.8,27,14,93.7,171,35.2,52,9,71,25,173,2018,0
Cam Newton,3395,7.2,471,320,67.9,24,13,94.2,180,38.2,44,3,82,29,213,2018,0
Mitchell Trubisky,3223,7.4,434,289,66.6,24,12,95.4,151,34.8,40,10,70,24,143,2018,0
Russell Wilson,3448,8.1,427,280,65.6,35,7,110.9,156,36.5,47,13,66,51,355,2018,0
Sam Darnold,2865,6.9,414,239,57.7,17,15,77.6,130,31.4,40,4,76,30,204,2018,0
Blake Bortles,2718,6.7,403,243,60.3,13,11,79.8,128,31.8,36,3,80,31,173,2018,0
Carson Wentz,3074,7.7,401,279,69.6,21,7,102.2,159,39.6,37,5,58,31,202,2018,0
Josh Rosen,2278,5.8,393,217,55.2,11,14,66.7,112,28.5,23,4,75,45,320,2018,0
Joe Flacco,2465,6.5,379,232,61.2,12,6,84.2,122,32.2,29,4,71,16,79,2018,0
Jared Goff,4638,7.4,626,394,62.9,22,16,86.5,220,35.1,72,6,66,22,170,2019,0
Jameis Winston,5109,8.2,626,380,60.7,33,30,84.3,243,38.8,75,13,71,47,282,2019,0
Matt Ryan,4466,7.2,616,408,66.2,26,14,92.1,228,37.0,47,5,93,48,316,2019,0
Tom Brady,4057,6.6,613,373,60.8,24,8,88.0,193,31.5,60,6,59,27,185,2019,0
Carson Wentz,4039,6.6,607,388,63.9,27,7,93.1,213,35.1,52,6,53,37,230,2019,0
Dak Prescott,4902,8.2,596,388,65.1,30,11,99.7,229,38.4,68,16,62,23,151,2019,0
Philip Rivers,4615,7.8,591,390,66.0,23,20,88.5,217,36.7,57,12,84,34,222,2019,0
Aaron Rodgers,4002,7.0,569,353,62.0,26,4,95.4,189,33.2,52,12,74,36,284,2019,1
Kyler Murray,3722,6.9,542,349,64.4,20,12,87.4,173,31.9,47,10,88,48,309,2019,0
Baker Mayfield,3827,7.2,534,317,59.4,22,21,78.8,179,33.5,57,9,89,40,285,2019,0
Andy Dalton,3494,6.6,528,314,59.5,16,14,78.3,170,32.2,41,6,66,37,249,2019,0
Mitchell Trubisky,3138,6.1,516,326,63.2,17,10,83.0,156,30.2,35,2,53,38,234,2019,0
Russell Wilson,4110,8.0,516,341,66.1,31,5,106.3,190,36.8,55,10,60,48,319,2019,1
Derek Carr,4054,7.9,513,361,70.4,21,8,100.8,191,37.2,54,10,75,29,184,2019,0
Ryan Fitzpatrick,3529,7.0,502,311,62.0,20,13,85.5,182,36.2,43,6,51,40,209,2019,0
Deshaun Watson,3852,7.8,495,333,67.3,26,12,98.0,191,38.6,47,10,54,44,257,2019,1
Kyle Allen,3322,6.8,489,303,62.0,17,16,80.0,188,38.4,35,5,52,46,397,2019,0
Patrick Mahomes,4031,8.3,484,319,65.9,26,5,105.3,176,36.4,50,15,83,17,127,2019,1
Jimmy Garoppolo,3978,8.4,476,329,69.1,27,13,102.0,193,40.6,61,8,75,36,237,2019,0
Gardner Minshew,3271,7.0,470,285,60.6,21,6,91.2,150,31.9,43,6,70,33,184,2019,0
Josh Allen,3089,6.7,461,271,58.8,20,9,85.3,146,31.7,47,7,53,38,237,2019,0
Daniel Jones,3027,6.6,459,284,61.9,24,12,87.7,140,30.5,39,7,75,38,295,2019,0
Jacoby Brissett,2942,6.6,447,272,60.8,18,6,88.0,143,32.0,32,3,50,27,159,2019,0
Kirk Cousins,3603,8.1,444,307,69.1,26,6,107.4,165,37.2,52,11,66,28,206,2019,1
Sam Darnold,3024,6.9,441,273,61.9,19,13,84.3,147,33.3,40,6,92,33,212,2019,0
Matt Ryan,4581,7.3,626,407,65.0,26,11,93.3,242,38.7,58,8,63,41,257,2020,0
Tom Brady,4633,7.6,610,401,65.7,40,12,102.2,233,38.2,63,12,50,21,143,2020,0
Ben Roethlisberger,3803,6.2,608,399,65.6,33,10,94.1,193,31.7,43,4,84,13,118,2020,0
Justin Herbert,4336,7.3,595,396,66.6,31,10,98.3,216,36.3,51,10,72,32,218,2020,0
Patrick Mahomes,4740,8.1,588,390,66.3,38,6,108.2,238,40.5,67,8,75,22,147,2020,1
Josh Allen,4544,7.9,572,396,69.2,37,10,107.2,228,39.9,62,8,55,26,159,2020,1
Kyler Murray,3971,7.1,558,375,67.2,26,12,94.3,205,36.7,44,14,80,27,176,2020,1
Russell Wilson,4212,7.6,558,384,68.8,40,13,105.1,213,38.2,45,11,62,47,301,2020,1
Jared Goff,3952,7.2,552,370,67.0,20,13,90.0,194,35.1,47,6,56,23,161,2020,0
Deshaun Watson,4823,8.9,544,382,70.2,33,7,112.4,221,40.6,69,11,77,49,293,2020,1
Philip Rivers,4169,7.7,543,369,68.0,24,11,97.0,200,36.8,56,8,55,19,118,2020,0
Matthew Stafford,4084,7.7,528,339,64.2,26,10,96.3,205,38.8,54,8,73,38,254,2020,0
Aaron Rodgers,4299,8.2,526,372,70.7,48,5,121.5,216,41.1,57,14,78,20,182,2020,1
Derek Carr,4103,7.9,517,348,67.3,27,9,101.4,193,37.3,54,12,85,26,150,2020,0
Kirk Cousins,4265,8.3,516,349,67.6,35,13,105.0,212,41.1,58,7,71,39,256,2020,0
Teddy Bridgewater,3733,7.6,492,340,69.1,15,11,92.1,174,35.4,49,8,75,31,205,2020,0
Baker Mayfield,3563,7.3,486,305,62.8,26,8,95.9,188,38.7,43,5,75,26,162,2020,0
Ryan Tannehill,3819,7.9,481,315,65.5,33,7,106.5,202,42.0,44,13,75,24,173,2020,0
Daniel Jones,2943,6.6,448,280,62.5,11,10,80.4,158,35.3,31,5,53,45,286,2020,0
Drew Lock,2933,6.6,443,254,57.3,16,15,75.4,145,32.7,38,8,92,19,123,2020,0
Carson Wentz,2620,6.0,437,251,57.4,16,15,72.8,130,29.8,27,6,59,50,326,2020,0
Joe Burrow,2688,6.6,404,264,65.4,13,5,89.8,150,37.1,23,3,67,32,231,2020,0
Drew Brees,2942,7.5,390,275,70.5,24,6,106.4,149,38.2,31,8,52,13,89,2020,0
Lamar Jackson,2757,7.3,376,242,64.4,26,9,99.4,138,36.7,37,4,47,29,160,2020,0
Cam Newton,2657,7.2,368,242,65.8,8,10,82.9,133,36.1,31,3,50,31,195,2020,0
